{
  "courses": [
    {
      "title": "Advanced JavaScript Programming",
      "description": "Master modern JavaScript features and techniques for professional web development.",
      "category": "Web Development",
      "level": "Intermediate",
      "imageUrl": "https://placehold.co/600x400?text=JavaScript",
      "instructor": "Sarah Johnson",
      "duration": "42 hours",
      "price": "$89.99",
      "rating": "4.8",
      "reviewCount": 1243
    },
    {
      "title": "Python for Data Science",
      "description": "Learn how to use Python for data analysis, visualization, and machine learning.",
      "category": "Data Science",
      "level": "Beginner",
      "imageUrl": "https://placehold.co/600x400?text=Python+Data",
      "instructor": "Michael Chen",
      "duration": "36 hours",
      "price": "$74.99",
      "rating": "4.7",
      "reviewCount": 985
    },
    {
      "title": "UI/UX Design Fundamentals",
      "description": "Learn the principles of effective user interface and experience design.",
      "category": "Design",
      "level": "Beginner",
      "imageUrl": "https://placehold.co/600x400?text=UI/UX",
      "instructor": "Emily Rodriguez",
      "duration": "28 hours",
      "price": "$64.99",
      "rating": "4.6",
      "reviewCount": 712
    },
    {
      "title": "React and Redux Masterclass",
      "description": "Build scalable frontend applications with React and state management with Redux.",
      "category": "Web Development",
      "level": "Intermediate",
      "imageUrl": "https://placehold.co/600x400?text=React",
      "instructor": "David Lee",
      "duration": "45 hours",
      "price": "$94.99",
      "rating": "4.9",
      "reviewCount": 1567
    },
    {
      "title": "Machine Learning with TensorFlow",
      "description": "Implement advanced machine learning models using TensorFlow and Keras.",
      "category": "Data Science",
      "level": "Advanced",
      "imageUrl": "https://placehold.co/600x400?text=ML",
      "instructor": "Robert Wilson",
      "duration": "52 hours",
      "price": "$109.99",
      "rating": "4.8",
      "reviewCount": 832
    },
    {
      "title": "Graphic Design for Beginners",
      "description": "Learn the fundamentals of graphic design using industry-standard tools.",
      "category": "Design",
      "level": "Beginner",
      "imageUrl": "https://placehold.co/600x400?text=Graphic+Design",
      "instructor": "Lisa Wong",
      "duration": "30 hours",
      "price": "$59.99",
      "rating": "4.5",
      "reviewCount": 623
    },
    {
      "title": "Full-Stack Web Development",
      "description": "Learn to build complete web applications from front to back end.",
      "category": "Web Development",
      "level": "Advanced",
      "imageUrl": "https://placehold.co/600x400?text=Full+Stack",
      "instructor": "James Taylor",
      "duration": "65 hours",
      "price": "$119.99",
      "rating": "4.9",
      "reviewCount": 1876
    },
    {
      "title": "Digital Marketing Fundamentals",
      "description": "Master the basics of digital marketing, SEO, and social media strategies.",
      "category": "Marketing",
      "level": "Beginner",
      "imageUrl": "https://placehold.co/600x400?text=Marketing",
      "instructor": "Amanda Brown",
      "duration": "25 hours",
      "price": "$49.99",
      "rating": "4.6",
      "reviewCount": 745
    },
    {
      "title": "iOS App Development with Swift",
      "description": "Create professional iOS applications using Swift and UIKit.",
      "category": "Mobile Development",
      "level": "Intermediate",
      "imageUrl": "https://placehold.co/600x400?text=iOS+Dev",
      "instructor": "Thomas Garcia",
      "duration": "48 hours",
      "price": "$99.99",
      "rating": "4.7",
      "reviewCount": 912
    },
    {
      "title": "Business Analytics and Intelligence",
      "description": "Learn to analyze business data and derive actionable insights.",
      "category": "Business",
      "level": "Intermediate",
      "imageUrl": "https://placehold.co/600x400?text=Analytics",
      "instructor": "Sophia Park",
      "duration": "32 hours",
      "price": "$79.99",
      "rating": "4.5",
      "reviewCount": 678
    }
  ]
}